Program Name,City,Country,Region,Cost
Absolute Internship,Multiple,Multiple,Multiple,
Absolute Internship (Virtual Program),Rochester,United States,North America,
Advanced Studies in England,Bath,United Kingdom,Europe,23950
AIT Budapest Program in Computer Science & Software Engineering,Budapest,Hungary,Europe,
American University in Cairo(Exchange),Cairo,Egypt,Africa,0
Ancient Rome in Context,Rome,Italy,Europe,
ASE SUMMER SCHOOL,Bath,United Kingdom,Europe,
Australian National University - ANU(Exchange),Canberra,Australia,Australia/Pacific Islands,
Birmingham City University(Exchange),Birmingham,United Kingdom,Europe,
Budapest Semesters in Mathematics,Budapest,Hungary,Europe,
Chinese University of Hong Kong(Exchange),Hong Kong,China,Asia,0
Chinese University of Hong Kong,Hong Kong,China,Asia,0
Chinese University of Hong Kong - International Summer School,Hong Kong,China,Asia,
"CIEE Business, Arts + Sciences in Prague, Czech Republic",Prague,Czech Republic,Europe,19950
"CIEE Central European Studies Program in Prague, Czech Republic",Prague,Czech Republic,Europe,19950
"CIEE Middle East Studies in Amman, Jordan",Amman,Jordan,Middle East,17950
"CIEE Russian Language + European Studies in Tallinn, Estonia",Tallinn,Estonia,Europe,14950
"CIEE Summer Central European Studies in Prague, Czech Republic",Prague,Czech Republic,Europe,
"CIEE Summer Global Internship in Amman, Jordan",Amman,Jordan,Middle East,
"CIEE Summer Global Internship Program in Prague, Czech Republic",Prague,Czech Republic,Europe,
"CIEE Summer Middle East Studies Program in Amman, Jordan",Amman,Jordan,Middle East,
CIS Abroad Semester in Barcelona - Universitat Autonoma de Barcelona,Barcelona,Spain,Europe,17590
City St. George's University of London,London,United Kingdom,Europe,13375
City University of Hong Kong (GE3 - Engineering),Hong Kong,China,Asia,
College Year in Athens - Semester and Academic Year Program,Athens,Greece,Europe,26500
College Year in Athens-Summer Program,Athens,Greece,Europe,
College Year in Athens-Summer Program,Copenhagen,Denmark,Europe,
College Year in Athens-Summer Program,Rome,Italy,Europe,
College Year in Athens-Summer Program,Stockholm,Sweden,Europe,
College Year in Athens-Summer Program,Thessaloniki,Greece,Europe,
Conversational Japanese in Tokyo,Tokyo,Japan,Asia,
"DIS - Study Abroad in Copenhagen, Denmark",Copenhagen,Denmark,Europe,30840
"DIS - Study Abroad in Stockholm, Sweden",Stockholm,Sweden,Europe,30840
DIS Copenhagen - Summer Courses,Copenhagen,Denmark,Europe,
DIS Stockholm - Summer Courses,Stockholm,Sweden,Europe,
DTU - Technical University of Denmark (GE3 - Engineering),Lyngby,Denmark,Europe,
ESM - Central Conservatory of Music,Beijing,China,Asia,
ESM - China Conservatory of Music,Beijing,China,Asia,
ESM - Conservatoire National SupŽrieur de Musique et de Danse de Paris,Paris,France,Europe,
ESM - Hochschule fŸr Musik Freiburg,Freiburg,Germany,Europe,0
ESM - Hochschule fŸr Musik WŸrzburg,WŸrzburg,Germany,Europe,
ESM - Mahidol College of Music,Bangkok,Thailand,Asia,
ESM - Royal Birmingham Conservatoire,Birmingham,United Kingdom,Europe,
ESM - Royal College of Music,London,United Kingdom,Europe,
ESM - Sibelius Academy,Helsinki,Finland,Europe,
ESM - The Royal Danish Academy of Music,Copenhagen,Denmark,Europe,
ESM - UniversitŠt fŸr Musik und darstellende Kunst Wien,Vienna,Austria,Europe,
Florence: Lisio Italian Studies,Florence,Italy,Europe,14995
French in France (Faculty Led),Rennes,France,Europe,
German in Germany (Faculty Led),Berlin,Germany,Europe,
Greene Center Internship Abroad,Multiple,Multiple,Multiple,
Hanyang University (GE3 - Engineering),Seoul,South Korea,Asia,0
Hong Kong Polytechnic University (GE3 - Engineering),Hong Kong,China,Asia,
IES Abroad Amsterdam - Psychology & Sciences,Amsterdam,Netherlands,Europe,23950
IES Abroad Amsterdam - Social Sciences & Humanities,Amsterdam,Netherlands,Europe,23950
IES Abroad Amsterdam - Law & Criminology,Amsterdam,Netherlands,Europe,22874
IES Abroad Auckland Direct Enrollment - University of Auckland,Auckland,New Zealand,Australia/Pacific Islands,22950
IES Abroad Barcelona - Engineering,Barcelona,Spain,Europe,20137
IES Abroad Barcelona - Liberal Arts & Business,Barcelona,Spain,Europe,20995
"IES Abroad Berlin - Language, Culture & Politics",Berlin,Germany,Europe,21705
IES Abroad Buenos Aires - Latin American Societies & Cultures,Buenos Aires,Argentina,South America,16990
IES Abroad Cape Town Ð Engineering & Science,Cape Town,South Africa,Africa,
IES Abroad Cape Town - University of Cape Town,Cape Town,South Africa,Africa,20950
IES Abroad Dublin Direct Enrollment - Trinity College,Dublin,Ireland,Europe,27100
IES Abroad Dublin Summer - Internship,Dublin,Ireland,Europe,
IES Abroad Freiburg - Environmental Studies & Sustainability,Freiburg,Germany,Europe,24150
"IES Abroad Freiburg - European Union: Politics, Law & Economics",Freiburg,Germany,Europe,24918
IES Abroad Freiburg - Language & Area Studies,Freiburg,Germany,Europe,21990
IES Abroad Freiburg Summer - European Union: Politics & Economics,Freiburg,Germany,Europe,
IES Abroad Granada - Study in Granada,Granada,Spain,Europe,
IES Abroad London - Health Practice & Policy,London,United Kingdom,Europe,24636
IES Abroad London - Study London,London,United Kingdom,Europe,22432
IES Abroad London Direct Enrollment - University College London,London,United Kingdom,Europe,25990
"IES Abroad Madrid - Business, Economics & Social Sciences",Madrid,Spain,Europe,22189
"IES Abroad Madrid - Engineering, Math & Science",Madrid,Spain,Europe,22990
IES Abroad Madrid - Language & Area Studies,Madrid,Spain,Europe,21850
IES Abroad Milan - Business Studies,Milan,Italy,Europe,21913
IES Abroad Nagoya Direct Enrollment - Nanzan University,Nagoya,Japan,Asia,19737
IES Abroad Oxford Direct Enrollment - St. Catherine's College,Oxford,United Kingdom,Europe,27800
IES Abroad Paris - Business & International Affairs,Paris,France,Europe,20959
IES Abroad Paris - French Studies,Paris,France,Europe,20959
IES Abroad Rome - Language & Area Studies,Rome,Italy,Europe,21290
IES Abroad Tokyo - Language & Culture,Tokyo,Japan,Asia,26779
Institut Teknologi Bandung (GE3 - Engineering),Bandung,Indonesia,Asia,
Jagiellonian University(Exchange),Krakow,Poland,Europe,
KAIST - Korea Advanced Institute of Science & Technology (GE3 - Engineering),Daejeon,South Korea,Asia,
Khalifa University of Science and Technology (GE3 - Engineering),Abu Dhabi,United Arab Emirates,Middle East,
Kingston University,London,United Kingdom,Europe,7362
Ko University,Istanbul,Turkey,Middle East,
Kyoto University(Exchange),Kyoto,Japan,Asia,0
Kyoto University,Kyoto,Japan,Asia,0
La Salle - Universitat Ramon Llull,Barcelona,Spain,Europe,
Lisio Italian Studies: Florence Creative Writing Workshop,Florence,Italy,Europe,
"Lisio Studies: Sustainability, Food, and Local Cultures",Bra,Italy,Europe,
"Lisio Studies: Sustainability, Food, and Local Cultures",Arezzo,Italy,Europe,
"Lisio Studies: Sustainability, Food, and Local Cultures",Naples,Italy,Europe,
Lund University (GE3 - Engineering),Lund,Sweden,Europe,
Mahidol University International College (MUIC),Salaya,Thailand,Asia,0
Meiji Gakuin University(Exchange),Tokyo,Japan,Asia,0
Meiji Gakuin University,Tokyo,Japan,Asia,0
Nanyang Technological University(Exchange),Singapore,Singapore,Asia,0
Nanyang Technological University,Singapore,Singapore,Asia,0
Nanyang Technological University - Summer Program,Singapore,Singapore,Asia,
Non-Rochester Program (Non-Credit),Multiple,Multiple,Multiple,0
Non-Rochester SMD Student Travel (Credit-Bearing Elective),Multiple,Multiple,Multiple,0
Non-Rochester SMD Student Travel (Non-Credit),Multiple,Multiple,Multiple,0
Non-Rochester Study Abroad Program,Multiple,Multiple,Multiple,0
Non-Rochester Summer Program,Multiple,Multiple,Multiple,
POSTECH (Pohang University of Science & Technology) (GE3 - Engineering),Pohang-si,South Korea,Asia,
Queen Mary University of London,London,United Kingdom,Europe,11000
Queen Mary University of London Summer School,London,United Kingdom,Europe,
Seoul National University(Exchange),Seoul,South Korea,Asia,0
Seoul National University,Seoul,South Korea,Asia,0
Seoul National University - International Summer Program,Seoul,South Korea,Asia,
SMD Medical Research - Full Year,Multiple,Multiple,Multiple,
SMD Student Travel (Credit-Bearing Elective),Multiple,Multiple,Multiple,0
Sogang University,Seoul,South Korea,Asia,3940
Summer in Korea (Faculty Led),Seoul,South Korea,Asia,
Summer Undergraduate Research Programme (SURP) at Chinese University Hong Kong,Hong Kong,China,Asia,
Tecnol—gico de Monterrey (GE3 - Engineering),Monterrey,Mexico,North America,
The Intern Group: Global Internship and Cultural Immersion Program (Dublin),Dublin,Ireland,Europe,0
The Intern Group: Global Internship and Cultural Immersion Program (London),London,United Kingdom,Europe,0
The Intern Group: Global Internship and Cultural Immersion Program (Madrid),Madrid,Spain,Europe,
The Intern Group: Global Internship and Cultural Immersion Program (Melbourne),Melbourne,Australia,Australia/Pacific Islands,0
The Intern Group: Remote Internship Program,Rochester,United States,North America,0
Theatre in England (Faculty Led),London,United Kingdom,Europe,
Universidad Del Pa’s Vasco (GE3 - Engineering),Bilbao,Spain,Europe,
Universidad Panamericana IPADE Business School (Simon),Monterrey,Mexico,North America,
Universidad Panamericana IPADE Business School (Simon),Mexico City,Mexico,Latin America,
Universiti Teknologi Petronas,Seri Iskandar,Malaysia,Asia,
University College Dublin,Dublin,Ireland,Europe,7350
University of Bristol(Exchange),Bristol,United Kingdom,Europe,14550
University of Bristol,Bristol,United Kingdom,Europe,14550
University of Canterbury,Christchurch,New Zealand,Australia/Pacific Islands,
University of Lausanne(Exchange),Lausanne,Switzerland,Europe,0
University of Leeds(Exchange),Leeds,United Kingdom,Europe,0
University of Leeds,Leeds,United Kingdom,Europe,0
University of Leeds International Summer School(Exchange),Leeds,United Kingdom,Europe,
University of Melbourne (GE3 - Engineering),Melbourne,Australia,Australia/Pacific Islands,
University of Newcastle,Callaghan,Australia,Oceania,0
University of Newcastle (GE3 - Engineering),Newcastle,Australia,Australia/Pacific Islands,0
University of Nicosia Global Semesters | Semester in Cyprus,Nicosia,Cyprus,Middle East,13300
University of Rennes 1 - Economics(Exchange),Rennes,France,Europe,
University of Sheffield (GE3 - Engineering),Sheffield,United Kingdom,Europe,
University of Sussex(Exchange),Brighton,United Kingdom,Europe,
University of Sydney - Spring Friendly,Sydney,Australia,Australia/Pacific Islands,
University of Sydney Exchange - Direct Enrollment(Exchange),Sydney,Australia,Australia/Pacific Islands,12956
University of Sydney Exchange - Direct Enrollment,Sydney,Australia,Australia/Pacific Islands,12956
University of Twente (GE3 - Engineering),Enschede,Netherlands,Europe,
University of Western Australia - UWAE(Exchange),Perth,Australia,Australia/Pacific Islands,
University of York (Exchange),York,United Kingdom,Europe,0
University of York,York,United Kingdom,Europe,0
University of York - Summer School,York,United Kingdom,Europe,
Victoria University of Wellington(Exchange),Wellington,New Zealand,Australia/Pacific Islands,
Waseda University(Exchange),Tokyo,Japan,Asia,0
Waseda University - Summer Session,Tokyo,Japan,Asia,
Yonsei University(Exchange),Seoul,South Korea,Asia,0
Yonsei University - International Summer School,Seoul,South Korea,Asia,
IES Abroad Amsterdam - Business & Economics,Amsterdam,Netherlands,Europe,23950
IES Abroad Amsterdam Direct Enrollment - Conservatorium van Amsterdam,Amsterdam,Netherlands,Europe,23950
IES Abroad Barcelona - Arts & Culture,Barcelona,Spain,Europe,20995
IES Abroad Barcelona - Full-Time Semester Internship,Barcelona,Spain,Europe,9639
IES Abroad Barcelona - Journalism & Communications,Barcelona,Spain,Europe,20995
IES Abroad Barcelona - Political Science & International Relations,Barcelona,Spain,Europe,20995
IES Abroad Berlin - Security Studies & International Affairs,Berlin,Germany,Europe,21705
IES Abroad Berlin - Urban Studies & Social Science,Berlin,Germany,Europe,21705
IES Abroad Buenos Aires - Advanced Spanish Immersion,Buenos Aires,Argentina,South America,16500
IES Abroad Buenos Aires - Society & Culture,Buenos Aires,Argentina,South America,16500
IES Abroad Cape Town - Engineering,Cape Town,South Africa,Africa,20137
"IES Abroad Cape Town - Health, Culture & Development",Cape Town,South Africa,Africa,20950
IES Abroad Christchurch Direct Enrollment - University of Canterbury,Christchurch,New Zealand,Australia/Pacific Islands,21415
IES Abroad Dublin - Engineering,Dublin,Ireland,Europe,20137
IES Abroad Dublin - Full-Time Semester Internship,Dublin,Ireland,Europe,10950
"IES Abroad Dublin - History, Politics & Social Change",Dublin,Ireland,Europe,19370
IES Abroad Dublin - Writers Program,Dublin,Ireland,Europe,19370
IES Abroad Dublin Direct Enrollment - Dublin City University,Dublin,Ireland,Europe,20521
IES Abroad Dublin Direct Enrollment - National Theatre School of Ireland-Gaiety School of Acting,Dublin,Ireland,Europe,21550
IES Abroad Dublin Direct Enrollment - Trinity College Dublin,Dublin,Ireland,Europe,27100
"IES Abroad Freiburg - European Union - Politics, Law & Economics",Freiburg,Germany,Europe,24918
IES Abroad Granada - Liberal Arts & Language,Granada,Spain,Europe,16990
IES Abroad London - Business,London,United Kingdom,Europe,22432
IES Abroad London - Film Studies,London,United Kingdom,Europe,22432
IES Abroad London - Full-Time Semester Internship,London,United Kingdom,Europe,12990
IES Abroad London - Literature & Arts,London,United Kingdom,Europe,22432
IES Abroad London - Social Sciences & Sustainability,London,United Kingdom,Europe,22432
IES Abroad London - Theater Studies,London,United Kingdom,Europe,22432
"IES Abroad London Direct Enrollment - City St. George's, University of London",London,United Kingdom,Europe,23950
"IES Abroad London Direct Enrollment - Queen Mary, University of London",London,United Kingdom,Europe,21900
IES Abroad Milan - Fashion Design & Merchandising,Milan,Italy,Europe,21913
IES Abroad Milan - Full-Time Semester Internship,Milan,Italy,Europe,11650
IES Abroad Milan - Italy Today,Milan,Italy,Europe,21913
"IES Abroad Milan - Music: Voice, Composition & Instrumental",Milan,Italy,Europe,21913
IES Abroad Multi-location - Emerging Economies: Buenos Aires & Santiago,Multiple,Multiple,Multiple,19950
IES Abroad Nantes - French Language Immersion & Area Studies,Nantes,France,Europe,20990
"IES Abroad Nice - Business, Sustainability & Immigration",Nice,France,Europe,19800
IES Abroad Nice Direct Enrollment‚ SKEMA Business School,Nice,France,Europe,19800
IES Abroad Paris - Arts & Culture,Paris,France,Europe,20959
IES Abroad Paris - Psychology & Social Sciences,Paris,France,Europe,20959
IES Abroad Quito - Area Studies & Language,Quito,Ecuador,South America,21838
IES Abroad Quito Direct Enrollment - Universidad San Francisco de Quito,Quito,Ecuador,South America,21838
IES Abroad Rabat - Study in Rabat,Rabat,Morocco,North Africa,20390
IES Abroad Rome - Art History & Fashion,Rome,Italy,Europe,21290
IES Abroad Rome - Early Childhood Education,Rome,Italy,Europe,21290
IES Abroad Rome - Film & Media Studies,Rome,Italy,Europe,21290
IES Abroad Rome - Full-Time Semester Internship,Rome,Italy,Europe,9534
IES Abroad Rome - History & Classics,Rome,Italy,Europe,21290
IES Abroad Rome - International Relations,Rome,Italy,Europe,21290
IES Abroad Rome - Sociology & Religion,Rome,Italy,Europe,21290
IES Abroad Salamanca - Language & Area Studies,Salamanca,Spain,Europe,15913
IES Abroad Salamanca - Psychology,Salamanca,Spain,Europe,15913
IES Abroad Santiago - Health Studies,Santiago,Chile,South America,17990
"IES Abroad Santiago - Politics, Social Justice & Language",Santiago,Chile,South America,17990
IES Abroad Seoul Direct Enrollment - Korea University,Seoul,South Korea,Asia,17990
IES Abroad Seoul Direct Enrollment - Yonsei University,Seoul,South Korea,Asia,17990
IES Abroad Siena - Business & Economics of Italian Food & Wine,Siena,Italy,Europe,19717
IES Abroad Siena - Study in Tuscany,Siena,Italy,Europe,19717
IES Abroad Sydney Direct Enrollment - University of New South Wales,Sydney,Australia,Australia/Pacific Islands,23680
IES Abroad Sydney Direct Enrollment - University of New South Wales trimester,Sydney,Australia,Australia/Pacific Islands,17965
IES Abroad Sydney Direct Enrollment - University of Sydney,Sydney,Australia,Australia/Pacific Islands,24950
"IES Abroad Vienna - Business, Economics & International Relations",Vienna,Austria,Europe,24250
IES Abroad Vienna - European Society & Culture,Vienna,Austria,Europe,24250
IES Abroad Vienna - Music,Vienna,Austria,Europe,24250
IES Abroad Vienna - Psychology & Social Sciences,Vienna,Austria,Europe,24250
"CIEE Engineering, Technology, and Sciences",Buenos Aires,Argentina,South America,14950
CIEE January in Buenos Aires,Buenos Aires,Argentina,South America,3950
CIEE Liberal Arts,Buenos Aires,Argentina,South America,14950
CIEE Open Campus Block,Buenos Aires,Argentina,South America,5500
CIEE Open Campus Block (2 Blocks),Buenos Aires,Argentina,South America,11000
CIEE Open Campus Block (3 Blocks),Buenos Aires,Argentina,South America,16500
CIEE Semester Global Internship,Buenos Aires,Argentina,South America,8950
CIEE Semester in Buenos Aires,Buenos Aires,Argentina,South America,14950
CIEE Semester Intern + Study Abroad,Buenos Aires,Argentina,South America,10950
CIEE Summer Community Public Health,Buenos Aires,Argentina,South America,8750
CIEE Summer Global Internship,Buenos Aires,Argentina,South America,6950
CIEE Summer Intern + Study,Buenos Aires,Argentina,South America,5950
CIEE Summer Spanish Language,Buenos Aires,Argentina,South America,8750
CIEE Sustainable Smart Cities,Buenos Aires,Argentina,South America,14950
CIEE Arts & Sciences at Monash University,Melbourne,Australia,Australia/Pacific Islands,21950
CIEE Arts & Sciences at University of Melbourne,Melbourne,Australia,Australia/Pacific Islands,25950
"CIEE Engineering, Technology, and Sciences",Melbourne,Australia,Australia/Pacific Islands,20950
CIEE Semester Global Internship,Melbourne,Australia,Australia/Pacific Islands,10950
CIEE Semester in Melbourne,Melbourne,Australia,Australia/Pacific Islands,20950
CIEE Semester Intern + Study Abroad,Melbourne,Australia,Australia/Pacific Islands,12950
CIEE Arts & Sciences at University of Sydney,Sydney,Australia,Australia/Pacific Islands,24950
CIEE Arts & Sciences at University of Technology Sydney,Sydney,Australia,Australia/Pacific Islands,21950
CIEE Arts & Sciences Trimester at University of New South Wale,Sydney,Australia,Australia/Pacific Islands,17450
CIEE Arts & Sciences Trimester at University of New South Wales,Sydney,Australia,Australia/Pacific Islands,17950
CIEE Arts and Sciences at UNSW,Sydney,Australia,Australia/Pacific Islands,23950
"CIEE Engineering, Technology, and Sciences",Sydney,Australia,Australia/Pacific Islands,21950
CIEE January in Melbourne,Sydney,Australia,Australia/Pacific Islands,4350
CIEE January in Sydney,Sydney,Australia,Australia/Pacific Islands,4550
CIEE Open Campus Block,Sydney,Australia,Australia/Pacific Islands,7450
CIEE Open Campus Block (2 Blocks),Sydney,Australia,Australia/Pacific Islands,14900
CIEE Open Campus Block (3 Blocks),Sydney,Australia,Australia/Pacific Islands,22350
CIEE Semester Global Internship,Sydney,Australia,Australia/Pacific Islands,10950
CIEE Semester in Sydney,Sydney,Australia,Australia/Pacific Islands,21950
CIEE Semester Intern + Study Abroad,Sydney,Australia,Australia/Pacific Islands,12950
CIEE Summer Global Internship,Sydney,Australia,Australia/Pacific Islands,8950
CIEE Summer Intern + Study,Sydney,Australia,Australia/Pacific Islands,6950
CIEE Sustainable Smart Cities,Sydney,Australia,Australia/Pacific Islands,21950
CIEE Arts and Sciences,Gaborone,Botswana,Africa,17950
CIEE Community Public Health,Gaborone,Botswana,Africa,17950
CIEE Ecology + Sustainability,Gaborone,Botswana,Africa,17950
CIEE Gaborone Summer Wildlife Ecology and Conservation,Gaborone,Botswana,Africa,8450
CIEE Semester Global Internship,Gaborone,Botswana,Africa,8950
CIEE Semester in Gaborone,Gaborone,Botswana,Africa,17950
CIEE Semester Intern + Study Abroad,Gaborone,Botswana,Africa,10950
CIEE Summer Community Public Health,Gaborone,Botswana,Africa,7950
CIEE Summer Global Internship in Gaborone,Gaborone,Botswana,Africa,6950
CIEE Summer Intern + Study Abroad in Gaborone,Gaborone,Botswana,Africa,5950
CIEE Arts + Sciences at FGV,Sao Paulo,Brazil,South America,17950
CIEE Business + Culture,Sao Paulo,Brazil,South America,14950
"CIEE Engineering, Technology + Sciences",Sao Paulo,Brazil,South America,14950
CIEE Liberal Arts,Sao Paulo,Brazil,South America,17950
CIEE Semester Global Internship,Sao Paulo,Brazil,South America,8950
CIEE Semester in Sao Paulo,Sao Paulo,Brazil,South America,14950
CIEE Semester Intern + Study Abroad,Sao Paulo,Brazil,South America,10950
CIEE Summer Global Internship,Sao Paulo,Brazil,South America,6950
CIEE Summer Intern + Study,Sao Paulo,Brazil,South America,5950
CIEE Sustainable Smart Cities,Sao Paulo,Brazil,South America,14950
"CIEE Engineering, Technology, and Sciences",Santiago,Chile,South America,14950
CIEE January in Santiago,Santiago,Chile,South America,3950
CIEE Liberal Arts,Santiago,Chile,South America,14950
CIEE Open Campus Block,Santiago,Chile,South America,5500
CIEE Open Campus Block (2 Blocks),Santiago,Chile,South America,11000
CIEE Open Campus Block (3 Blocks),Santiago,Chile,South America,16500
CIEE Semester Global Internship,Santiago,Chile,South America,8950
CIEE Semester in Santiago,Santiago,Chile,South America,14950
CIEE Semester Intern + Study Abroad,Santiago,Chile,South America,10950
CIEE Summer Global Internship,Santiago,Chile,South America,6950
CIEE Summer Intern + Study,Santiago,Chile,South America,5950
CIEE Sustainable Smart Cities,Santiago,Chile,South America,14950
CIEE Accelerated Chinese Language,Shanghai,China,Asia,19950
"CIEE Business, Language and Culture",Shanghai,China,Asia,19950
CIEE China in a Global Context,Shanghai,China,Asia,19950
"CIEE Engineering, Technology, and Sciences",Shanghai,China,Asia,16950
CIEE Open Campus Block,Shanghai,China,Asia,5500
CIEE Open Campus Block (2 Blocks),Shanghai,China,Asia,11000
CIEE Open Campus Block (3 Blocks),Shanghai,China,Asia,16500
CIEE Semester Global Internship,Shanghai,China,Asia,8950
CIEE Semester in Shanghai,Shanghai,China,Asia,16950
CIEE Semester Intern + Study Abroad,Shanghai,China,Asia,10950
CIEE Summer Accelerated Chinese Language,Shanghai,China,Asia,8450
CIEE Summer Global Internship,Shanghai,China,Asia,6950
CIEE Summer Intern + Study Abroad in Shanghai,Shanghai,China,Asia,4950
CIEE Sustainable Smart Cities,Shanghai,China,Asia,16950
CIEE Ecology + Sustainability,Monteverde,Costa Rica,Central America,14950
"CIEE Engineering, Technology, and Sciences",Monteverde,Costa Rica,Central America,14950
CIEE January in Monteverde,Monteverde,Costa Rica,Central America,3950
CIEE Open Campus Block,Monteverde,Costa Rica,Central America,5500
CIEE Open Campus Block (2 Blocks),Monteverde,Costa Rica,Central America,11000
CIEE Open Campus Block (3 Blocks),Monteverde,Costa Rica,Central America,16500
CIEE Semester Global Internship,Monteverde,Costa Rica,Central America,8950
CIEE Semester in Monteverde,Monteverde,Costa Rica,Central America,14950
CIEE Semester Intern + Study Abroad,Monteverde,Costa Rica,Central America,10950
CIEE Summer Global Internship,Monteverde,Costa Rica,Central America,6950
CIEE Summer Intern + Study,Monteverde,Costa Rica,Central America,5950
CIEE Summer Tropical Ecology and Conservation,Monteverde,Costa Rica,Central America,9250
CIEE Sustainability and the Environment,Monteverde,Costa Rica,Central America,19950
CIEE Tropical Ecology and Conservation,Monteverde,Costa Rica,Central America,14950
"CIEE Communication, New Media, and Journalism",Prague,Czech Republic,Europe,19950
"CIEE Engineering, Technology, and Sciences",Prague,Czech Republic,Europe,19950
CIEE Film Studies,Prague,Czech Republic,Europe,19950
CIEE January in Prague,Prague,Czech Republic,Europe,4350
CIEE Open Campus Block,Prague,Czech Republic,Europe,7150
CIEE Open Campus Block (2 Blocks),Prague,Czech Republic,Europe,14300
CIEE Open Campus Block (3 Blocks),Prague,Czech Republic,Europe,21450
CIEE Semester Global Internship,Prague,Czech Republic,Europe,8950
CIEE Semester in Prague,Prague,Czech Republic,Europe,19950
CIEE Semester Intern + Study Abroad,Prague,Czech Republic,Europe,10950
CIEE Summer Intern + Study,Prague,Czech Republic,Europe,5950
CIEE Ecology + Sustainability,Copenhagen,Denmark,Europe,14950
"CIEE Engineering, Technology, and Sciences",Copenhagen,Denmark,Europe,14950
CIEE January in Copenhagen,Copenhagen,Denmark,Europe,4350
CIEE Open Campus Block,Copenhagen,Denmark,Europe,7450
CIEE Open Campus Block (2 Blocks),Copenhagen,Denmark,Europe,14900
CIEE Open Campus Block (3 Blocks),Copenhagen,Denmark,Europe,22350
CIEE Semester Global Internship,Copenhagen,Denmark,Europe,8950
CIEE Semester in Copenhagen,Copenhagen,Denmark,Europe,14950
CIEE Summer Global Internship,Copenhagen,Denmark,Europe,6950
CIEE Sustainable Smart Cities,Copenhagen,Denmark,Europe,14950
CIEE Liberal Arts,Santiago,Dominican Republic,North America,13950
CIEE Semester in Santiago DR,Santiago,Dominican Republic,North America,13950
CIEE Summer Community Public Health,Santiago,Dominican Republic,North America,8850
CIEE January in Santiago DR,Santiago DR,Dominican Republic,North America,3950
CIEE Arts and Sciences (Queen Mary),London,England,Europe,26950
CIEE Arts and Sciences (UCL),London,England,Europe,31950
CIEE Arts and Sciences (Westminster),London,England,Europe,28450
CIEE Business and Culture,London,England,Europe,21950
"CIEE Engineering, Technology, and Sciences",London,England,Europe,21950
CIEE Fashion and Business,London,England,Europe,24950
"CIEE Fine Arts, Media and Communication",London,England,Europe,27950
CIEE January in London,London,England,Europe,4650
CIEE Open Campus Block,London,England,Europe,7450
CIEE Open Campus Block (2 Blocks),London,England,Europe,14900
CIEE Open Campus Block (3 Blocks),London,England,Europe,22350
CIEE Semester Global Internship,London,England,Europe,10950
CIEE Semester in London,London,England,Europe,21950
CIEE Semester Intern + Study Abroad,London,England,Europe,12950
CIEE Summer Global Internship,London,England,Europe,8950
CIEE Summer Intern + Study,London,England,Europe,6950
CIEE Sustainable Smart Cities,London,England,Europe,21950
CIEE Business and Technology,Tallinn,Estonia,Europe,14950
"CIEE Engineering, Technology, and Sciences",Tallinn,Estonia,Europe,14950
CIEE Semester Global Internship,Tallinn,Estonia,Europe,8950
CIEE Semester in Tallinn,Tallinn,Estonia,Europe,14950
CIEE Semester Intern + Study Abroad,Tallinn,Estonia,Europe,10950
CIEE Summer Global Internship,Tallinn,Estonia,Europe,7950
CIEE Summer Intensive Russian Lanuage,Tallinn,Estonia,Europe,6750
CIEE Summer Intern + Study,Tallinn,Estonia,Europe,4950
CIEE Sustainable Smart Cities,Tallinn,Estonia,Europe,14950
CIEE January in Paris,France,Europe,4550
CIEE Global Internship Summer,Nice,France,Europe,8950
CIEE Summer Contemporary Music Creation & Critique,Nice,France,Europe,6750
CIEE Summer Global Internship in Rennes,Nice,France,Europe,6950
CIEE Summer Global Internship in Toulouse,Nice,France,Europe,6950
CIEE Summer Intensive French Language,Nice,France,Europe,8750
CIEE Summer Intern + Study,Nice,France,Europe,6950
CIEE Summer Intern + Study Abroad in Rennes,Nice,France,Europe,5950
CIEE Summer Intern + Study Abroad in Toulouse,Nice,France,Europe,5950
CIEE Business and Culture,Paris,France,Europe,19950
"CIEE Engineering Technology, and Sciences",Paris,France,Europe,19950
CIEE Liberal Arts,Paris,France,Europe,19950
CIEE Open Campus Block,Paris,France,Europe,7450
CIEE Open Campus Block (2 Blocks),Paris,France,Europe,14900
CIEE Open Campus Block (3 Blocks),Paris,France,Europe,22350
CIEE Semester Global Internship,Paris,France,Europe,8950
CIEE Semester in Paris,Paris,France,Europe,21950
CIEE Semester in Rennes,Paris,France,Europe,19950
CIEE Semester in Toulouse,Paris,France,Europe,19950
CIEE Semester Intern + Study Abroad,Paris,France,Europe,10950
CIEE Sustainable Smart Cities,Paris,France,Europe,21950
CIEE Toulouse Language and Culture,Paris,France,Europe,19950
"CIEE Engineering, Technology, and Sciences",Berlin,Germany,Europe,19950
CIEE Global Architecture and Design,Berlin,Germany,Europe,22950
CIEE January in Berlin,Berlin,Germany,Europe,4350
CIEE Open Campus Block,Berlin,Germany,Europe,7150
CIEE Open Campus Block (2 Blocks),Berlin,Germany,Europe,14300
CIEE Open Campus Block (3 Blocks),Berlin,Germany,Europe,21450
CIEE Semester Global Internship,Berlin,Germany,Europe,10950
CIEE Semester in Berlin,Berlin,Germany,Europe,19950
CIEE Semester Intern + Study Abroad,Berlin,Germany,Europe,12950
CIEE Summer Global Internship,Berlin,Germany,Europe,8950
CIEE Summer Intern + Study,Berlin,Germany,Europe,6950
CIEE Sustainable Smart Cities,Berlin,Germany,Europe,19950
CIEE Arts + Sciences at GIMPA,Legon,Ghana,Africa,17950
CIEE Arts and Sciences,Legon,Ghana,Africa,17950
"CIEE Engineering, Technology, and Sciences",Legon,Ghana,Africa,17950
CIEE January in Legon,Legon,Ghana,Africa,4150
CIEE Semester Global Internship,Legon,Ghana,Africa,8950
CIEE Semester in Legon,Legon,Ghana,Africa,17950
CIEE Semester Intern + Study Abroad,Legon,Ghana,Africa,10950
CIEE Summer Global Internship,Legon,Ghana,Africa,6950
CIEE Summer Intern + Study,Legon,Ghana,Africa,5950
CIEE Business + Culture,Athens,Greece,Europe,16950
CIEE Ecology + Sustainability,Athens,Greece,Europe,16950
"CIEE Engineering, Technology + Sciences",Athens,Greece,Europe,16950
CIEE Open Campus Block,Athens,Greece,Europe,5250
CIEE Open Campus Block (2 Blocks),Athens,Greece,Europe,10500
CIEE Open Campus Block (3 Blocks),Athens,Greece,Europe,15750
CIEE Semester Global Internship,Athens,Greece,Europe,8950
CIEE Semester in Athens,Athens,Greece,Europe,16950
CIEE Semester Intern + Study Abroad,Athens,Greece,Europe,10950
CIEE Summer Global Internship,Athens,Greece,Europe,6950
CIEE Summer Intern + Study,Athens,Greece,Europe,5950
CIEE Dublin City University Arts and Sciences,Dublin,Ireland,Europe,17950
"CIEE Engineering, Technology, and Sciences",Dublin,Ireland,Europe,17950
CIEE January in Dublin,Dublin,Ireland,Europe,4350
CIEE Open Campus Block,Dublin,Ireland,Europe,7450
CIEE Open Campus Block (2 Blocks),Dublin,Ireland,Europe,14900
CIEE Open Campus Block (3 Blocks),Dublin,Ireland,Europe,22350
CIEE Semester Global Internship,Dublin,Ireland,Europe,10950
CIEE Semester in Dublin,Dublin,Ireland,Europe,17950
CIEE Semester Intern + Study Abroad,Dublin,Ireland,Europe,12950
CIEE Summer Global Internship,Dublin,Ireland,Europe,7950
CIEE Summer Intern + Study,Dublin,Ireland,Europe,6950
CIEE Trinity College Arts and Sciences,Dublin,Ireland,Europe,27950
CIEE University College Dublin Arts and Sciences,Dublin,Ireland,Europe,24950
"CIEE Arts, Architecture, and Design",Florence,Italy,Europe,19950
CIEE Business & Culture,Florence,Italy,Europe,21950
"CIEE Engineering, Technology, and Sciences",Florence,Italy,Europe,21950
"CIEE Fashion, Retail & Innovation",Florence,Italy,Europe,18950
CIEE Florence Semester Short,Florence,Italy,Europe,18950
CIEE January in Florence,Florence,Italy,Europe,4450
CIEE January in Milan,Florence,Italy,Europe,4450
CIEE January in Rome,Florence,Italy,Europe,4650
CIEE Open Campus Block,Florence,Italy,Europe,7450
CIEE Open Campus Block (2 Blocks),Florence,Italy,Europe,14900
CIEE Open Campus Block (3 Blocks),Florence,Italy,Europe,22350
CIEE Semester in Florence,Florence,Italy,Europe,19950
CIEE Semester in Milan,Florence,Italy,Europe,18950
CIEE Semester in Rome,Florence,Italy,Europe,21950
CIEE Semester Intern + Study Abroad,Florence,Italy,Europe,12950
CIEE Summer Global Internship,Florence,Italy,Europe,8950
CIEE Summer Intern + Study,Florence,Italy,Europe,6950
CIEE Sustainable Smart Cities,Florence,Italy,Europe,21950
CIEE Ancient and Modern Japan,Kyoto,Japan,Asia,14500
CIEE Arts and Sciences,Kyoto,Japan,Asia,27850
"CIEE Engineering, Technology, and Sciences",Kyoto,Japan,Asia,19950
CIEE January in Kyoto,Kyoto,Japan,Asia,4450
CIEE January in Tokyo,Kyoto,Japan,Asia,4450
CIEE Open Campus Block,Kyoto,Japan,Asia,7150
CIEE Open Campus Block (2 Blocks),Kyoto,Japan,Asia,14300
CIEE Open Campus Block (3 Blocks),Kyoto,Japan,Asia,21450
CIEE Semester Global Internship,Kyoto,Japan,Asia,10950
CIEE Semester in Kyoto,Kyoto,Japan,Asia,14950
CIEE Semester in Tokyo,Kyoto,Japan,Asia,19950
CIEE Semester Intern + Study Abroad,Kyoto,Japan,Asia,12950
CIEE Summer Global Internship,Kyoto,Japan,Asia,8950
CIEE Summer Global Internship in Kyoto,Kyoto,Japan,Asia,8950
CIEE Summer in Tokyo at Sophia University,Kyoto,Japan,Asia,5750
CIEE Summer Intern + Study Abroad in Kyoto,Kyoto,Japan,Asia,6950
CIEE Summer Intern + Study Abroad in Tokyo,Kyoto,Japan,Asia,6950
CIEE Summer Japanese Studies,Kyoto,Japan,Asia,8750
CIEE Sustainable Smart Cities,Kyoto,Japan,Asia,19950
CIEE Advanced Arabic Language,Amman,Jordan,Middle East,17950
CIEE Semester Global Internship,Amman,Jordan,Middle East,8950
CIEE Semester in Amman,Amman,Jordan,Middle East,17950
CIEE Semester Intern + Study Abroad,Amman,Jordan,Middle East,10950
CIEE Summer Arabic Language,Amman,Jordan,Middle East,8750
CIEE Summer Intern + Study,Amman,Jordan,Middle East,5950
CIEE Arts + Sciences,Merida,Mexico,North America,14950
CIEE Ecology + Sustainability,Merida,Mexico,North America,9950
"CIEE Engineering, Technology, and Sciences",Merida,Mexico,North America,9950
CIEE January in Merida,Merida,Mexico,North America,2950
CIEE Liberal Arts (UADY),Merida,Mexico,North America,14950
CIEE Open Campus Block,Merida,Mexico,North America,3250
CIEE Open Campus Block (2 Blocks),Merida,Mexico,North America,6500
CIEE Open Campus Block (3 Blocks),Merida,Mexico,North America,9750
CIEE Semester Global Internship,Merida,Mexico,North America,6950
CIEE Semester in Yucatan,Merida,Mexico,North America,9950
CIEE Semester Intern + Study Abroad,Merida,Mexico,North America,6950
CIEE Summer Global Internship,Merida,Mexico,North America,3950
CIEE Summer Intern + Study,Merida,Mexico,North America,3950
"CIEE Engineering, Technology, and Sciences",Yucatan,Mexico,North America,9950
CIEE Liberal Arts,Yucatan,Mexico,North America,9950
CIEE Open Campus Block,Yucatan,Mexico,North America,3250
CIEE Open Campus Block (2 Blocks),Yucatan,Mexico,North America,6500
CIEE Open Campus Block (3 Blocks),Yucatan,Mexico,North America,9750
CIEE Semester Global Internship,Yucatan,Mexico,North America,6950
CIEE Semester in Yucatan,Yucatan,Mexico,North America,9950
CIEE Semester Intern + Study Abroad,Yucatan,Mexico,North America,6950
CIEE Language and Culture,Rabat,Morocco,Africa,17950
CIEE Semester Global Internship,Rabat,Morocco,Africa,8950
CIEE Semester in Rabat,Rabat,Morocco,Africa,17950
CIEE Semester Intern + Study Abroad,Rabat,Morocco,Africa,10950
CIEE Summer Arabic Language,Rabat,Morocco,Africa,8750
CIEE Summer Global Internship in Rabat,Rabat,Morocco,Africa,6950
CIEE Summer Intern + Study Abroad in Rabat,Rabat,Morocco,Africa,5950
CIEE Business and Culture,Amsterdam,Netherlands,Europe,24950
"CIEE Engineering, Technology, and Sciences",Amsterdam,Netherlands,Europe,14500
CIEE January in Amsterdam,Amsterdam,Netherlands,Europe,4550
CIEE Open Campus Block,Amsterdam,Netherlands,Europe,7450
CIEE Open Campus Block (2 Blocks),Amsterdam,Netherlands,Europe,14900
CIEE Semester in Amsterdam,Amsterdam,Netherlands,Europe,14500
CIEE Social Sciences and Humanities,Amsterdam,Netherlands,Europe,24950
CIEE Sustainable Smart Cities,Amsterdam,Netherlands,Europe,14500
CIEE Arts and Sciences,Auckland,New Zealand,Australia/Pacific Islands,21950
CIEE Ecology + Sustainability,Auckland,New Zealand,Australia/Pacific Islands,19950
"CIEE Engineering, Technology, and Sciences",Auckland,New Zealand,Australia/Pacific Islands,19950
CIEE January in Auckland,Auckland,New Zealand,Australia/Pacific Islands,4250
CIEE Semester Global Internship,Auckland,New Zealand,Australia/Pacific Islands,8950
CIEE Semester in Auckland,Auckland,New Zealand,Australia/Pacific Islands,19950
CIEE Semester Intern + Study Abroad,Auckland,New Zealand,Australia/Pacific Islands,10950
CIEE Business and Culture,Lisbon,Portugal,Europe,19950
CIEE Ecology + Sustainability,Lisbon,Portugal,Europe,19950
"CIEE Engineering, Technology, and Sciences",Lisbon,Portugal,Europe,19950
CIEE January in Lisbon,Lisbon,Portugal,Europe,4150
CIEE Language and Culture,Lisbon,Portugal,Europe,19950
CIEE Lisbon Summer Global Internship,Lisbon,Portugal,Europe,6950
CIEE Semester Global Internship,Lisbon,Portugal,Europe,8950
CIEE Semester in Lisbon,Lisbon,Portugal,Europe,19950
CIEE Semester Intern + Study Abroad,Lisbon,Portugal,Europe,10950
CIEE Summer Intern + Study,Lisbon,Portugal,Europe,5950
CIEE Business + Culture,San Juan,Puerto Rico,South America,9950
CIEE Ecology + Sustainability,San Juan,Puerto Rico,South America,9950
"CIEE Engineering, Technology + Sciences",San Juan,Puerto Rico,South America,9950
CIEE Liberal Arts,San Juan,Puerto Rico,South America,14950
CIEE Semester Global Internship,San Juan,Puerto Rico,South America,6950
CIEE Semester in San Juan,San Juan,Puerto Rico,South America,9950
CIEE Semester Intern + Study Abroad,San Juan,Puerto Rico,South America,8950
CIEE Summer Global Internship,San Juan,Puerto Rico,South America,4950
CIEE Summer Intern + Study,San Juan,Puerto Rico,South America,4950
CIEE Arts and Sciences,Edinburgh,Scotland,Europe,19950
"CIEE Engineering, Technology, and Sciences",Edinburgh,Scotland,Europe,19950
CIEE January in Edinburgh,Edinburgh,Scotland,Europe,4350
CIEE Semester Global Internship,Edinburgh,Scotland,Europe,8950
CIEE Semester in Edinburgh,Edinburgh,Scotland,Europe,19950
CIEE Semester in Glasgow,Edinburgh,Scotland,Europe,19950
CIEE Summer Global Internship,Edinburgh,Scotland,Europe,6950
"CIEE Engineering, Technology, and Sciences",Singapore,Singapore,Asia,21950
CIEE January in Singapore,Singapore,Singapore,Asia,4550
CIEE Open Campus Block,Singapore,Singapore,Asia,7450
CIEE Open Campus Block (2 Blocks),Singapore,Singapore,Asia,14900
CIEE Open Campus Block (3 Blocks),Singapore,Singapore,Asia,22350
CIEE Semester Global Internship,Singapore,Singapore,Asia,10950
CIEE Semester in Singapore,Singapore,Singapore,Asia,21950
CIEE Semester Intern + Study Abroad,Singapore,Singapore,Asia,12950
CIEE Singapore Arts & Sciences,Singapore,Singapore,Asia,27950
CIEE Summer Global Internship,Singapore,Singapore,Asia,8950
CIEE Summer Intern + Study,Singapore,Singapore,Asia,6950
CIEE Sustainable Smart Cities,Singapore,Singapore,Asia,21950
CIEE Arts and Sciences,Cape Town,South Africa,Africa,20950
CIEE Ecology + Sustainability,Cape Town,South Africa,Africa,20950
"CIEE Engineering, Technology, and Sciences",Cape Town,South Africa,Africa,20950
CIEE January in Cape Town,Cape Town,South Africa,Africa,4150
CIEE Open Campus Block,Cape Town,South Africa,Africa,7150
CIEE Open Campus Block (2 Blocks),Cape Town,South Africa,Africa,14300
CIEE Open Campus Block (3 Blocks),Cape Town,South Africa,Africa,21450
CIEE Semester Global Internship,Cape Town,South Africa,Africa,8950
CIEE Semester in Cape Town,Cape Town,South Africa,Africa,20950
CIEE Semester Intern + Study Abroad,Cape Town,South Africa,Africa,10950
CIEE Summer Community Development and Social Justice: Theory and Practice,Cape Town,South Africa,Africa,8750
CIEE Summer Global Internship,Cape Town,South Africa,Africa,6950
CIEE Summer Intern + Study,Cape Town,South Africa,Africa,5950
CIEE Sustainable Smart Cities,Cape Town,South Africa,Africa,20950
CIEE Arts and Sciences at Hanyang University,Seoul,South Korea,Asia,18950
CIEE Arts and Sciences at Yonsei University,Seoul,South Korea,Asia,18950
"CIEE Engineering, Technology, and Sciences",Seoul,South Korea,Asia,18950
CIEE January in Seoul,Seoul,South Korea,Asia,4150
CIEE Open Campus Block,Seoul,South Korea,Asia,5500
CIEE Open Campus Block (2 Blocks),Seoul,South Korea,Asia,11000
CIEE Semester Global Internship,Seoul,South Korea,Asia,10950
CIEE Semester in Seoul,Seoul,South Korea,Asia,18950
CIEE Semester Intern + Study Abroad,Seoul,South Korea,Asia,12950
CIEE Summer Global Internship,Seoul,South Korea,Asia,7950
CIEE Summer Intern + Study,Seoul,South Korea,Asia,6950
CIEE Summer Korean Studies,Seoul,South Korea,Asia,8750
CIEE Sustainable Smart Cities,Seoul,South Korea,Asia,18950
CIEE Summer Global Internship,Alcala,Spain,Europe,7950
CIEE Summer Global Internship in Alicante,Alcala,Spain,Europe,6950
CIEE Summer Global Internship Language Immersive,Alcala,Spain,Europe,8950
CIEE Summer Intensive Spanish Language,Alcala,Spain,Europe,8750
CIEE Summer Intern + Study,Alcala,Spain,Europe,6950
CIEE Summer Intern + Study Abroad in Alicante,Alcala,Spain,Europe,5950
CIEE Advanced Liberal Arts,Alicante,Spain,Europe,19950
CIEE Business and Culture,Alicante,Spain,Europe,21950
CIEE Business and Society,Alicante,Spain,Europe,19950
"CIEE Communications, New Media and Journalism English",Alicante,Spain,Europe,19950
"CIEE Communications, New Media and Journalism Spanish",Alicante,Spain,Europe,19950
CIEE Ecology + Sustainability,Alicante,Spain,Europe,18950
CIEE Economics and Culture,Alicante,Spain,Europe,21950
"CIEE Engineering, Technology, and Sciences",Alicante,Spain,Europe,19950
CIEE Global Architecture and Design,Alicante,Spain,Europe,21950
CIEE International Business and Culture,Alicante,Spain,Europe,19950
CIEE January in Alicante,Alicante,Spain,Europe,4150
CIEE January in Barcelona,Alicante,Spain,Europe,4350
CIEE January in Madrid,Alicante,Spain,Europe,4450
CIEE January in Palma,Alicante,Spain,Europe,4150
CIEE January in Seville,Alicante,Spain,Europe,4150
CIEE Language and Culture,Alicante,Spain,Europe,21950
CIEE Liberal Arts,Alicante,Spain,Europe,19950
CIEE Open Campus Block,Alicante,Spain,Europe,7450
CIEE Open Campus Block (2 Blocks),Alicante,Spain,Europe,14900
CIEE Open Campus Block (3 Blocks),Alicante,Spain,Europe,22350
CIEE Psychology & Health Sciences,Alicante,Spain,Europe,19950
CIEE Semester Global Internship,Alicante,Spain,Europe,10950
CIEE Semester in Barcelona,Alicante,Spain,Europe,21950
CIEE Semester in Madrid,Alicante,Spain,Europe,21950
CIEE Semester in Palma,Alicante,Spain,Europe,16950
CIEE Semester in Seville,Alicante,Spain,Europe,19950
CIEE Semester Intern + Study Abroad,Alicante,Spain,Europe,12950
CIEE Semster in Alicante,Alicante,Spain,Europe,16950
CIEE Sustainable Smart Cities,Alicante,Spain,Europe,21950
CIEE Chinese Language & Asian Studies,Taipei,Taiwan,Asia,20950
"CIEE Engineering, Technology, and Sciences",Taipei,Taiwan,Asia,19950
CIEE January in Taipei,Taipei,Taiwan,Asia,3950
CIEE Semester Global Internship,Taipei,Taiwan,Asia,8950
CIEE Semester in Taipei,Taipei,Taiwan,Asia,19950
CIEE Semester Intern + Study Abroad,Taipei,Taiwan,Asia,10950
CIEE Summer Accelerated Chinese Language,Taipei,Taiwan,Asia,8750
CIEE Summer Global Internship,Taipei,Taiwan,Asia,6950
CIEE Summer Intern + Study,Taipei,Taiwan,Asia,4950
CIEE Arts + Sciences at ADU,Abu Dhabi,United Arab Emirates,Middle East,19950
CIEE Arts + Sciences at Khalifa,Abu Dhabi,United Arab Emirates,Middle East,19950
CIEE Business + Culture,Abu Dhabi,United Arab Emirates,Middle East,15950
"CIEE Engineering, Technology + Sciences",Abu Dhabi,United Arab Emirates,Middle East,15950
CIEE Semester Global Internship,Abu Dhabi,United Arab Emirates,Middle East,8950
CIEE Semester in Abu Dhabi,Abu Dhabi,United Arab Emirates,Middle East,15950
CIEE Semester Intern + Study Abroad,Abu Dhabi,United Arab Emirates,Middle East,10950
CIEE Summer Global Internship,Abu Dhabi,United Arab Emirates,Middle East,6950
CIEE Summer Intern + Study,Abu Dhabi,United Arab Emirates,Middle East,6950
CIEE Sustainable Smart Cities,Abu Dhabi,United Arab Emirates,Middle East,15950




